<?xml version="1.0" encoding="UTF-8"?>
<project-private xmlns="http://www.netbeans.org/ns/project-private/1">
    <editor-bookmarks xmlns="http://www.netbeans.org/ns/editor-bookmarks/2" lastBookmarkId="0"/>
    <open-files xmlns="http://www.netbeans.org/ns/projectui-open-files/2">
        <group>
            <file>file:/D:/shujuku/xiang/Exam/WebContent/manage/copyright.jsp</file>
            <file>file:/D:/shujuku/xiang/Exam/WebContent/manage/login.jsp</file>
            <file>file:/D:/shujuku/xiang/Exam/WebContent/Images/startExam_rightBottom.jpg</file>
            <file>file:/D:/shujuku/xiang/Exam/WebContent/Images/login_mid.jpg</file>
            <file>file:/D:/shujuku/xiang/Exam/WebContent/Images/startExam_left.jpg</file>
            <file>file:/D:/shujuku/xiang/Exam/WebContent/Images/login_bottom.jpg</file>
            <file>file:/D:/shujuku/xiang/Exam/WebContent/Images/m_top.jpg</file>
            <file>file:/D:/shujuku/xiang/Exam/WebContent/Images/startExam_leftBottom.jpg</file>
            <file>file:/D:/shujuku/xiang/Exam/WebContent/Images/startExam_ico.jpg</file>
            <file>file:/D:/shujuku/xiang/Exam/WebContent/register.jsp</file>
            <file>file:/D:/shujuku/xiang/Exam/WebContent/Images/seedPwd.gif</file>
            <file>file:/D:/shujuku/xiang/Exam/WebContent/Images/startExam_bottom.jpg</file>
            <file>file:/D:/shujuku/xiang/Exam/WebContent/Images/startExam_leftTop.jpg</file>
            <file>file:/D:/shujuku/xiang/Exam/WebContent/Images/default_top.jpg</file>
            <file>file:/D:/shujuku/xiang/Exam/WebContent/Images/login_top.jpg</file>
            <file>file:/D:/shujuku/xiang/Exam/WebContent/Images/default_mid.jpg</file>
            <file>file:/D:/shujuku/xiang/Exam/WebContent/Images/m_login.jpg</file>
            <file>file:/D:/shujuku/xiang/Exam/WebContent/Images/startExam_right.jpg</file>
            <file>file:/D:/shujuku/xiang/Exam/WebContent/Images/step1.gif</file>
            <file>file:/D:/shujuku/xiang/Exam/WebContent/index.jsp</file>
            <file>file:/D:/shujuku/xiang/Exam/WebContent/Images/m_ico.gif</file>
            <file>file:/D:/shujuku/xiang/Exam/WebContent/Images/m_ico1.gif</file>
            <file>file:/D:/shujuku/xiang/Exam/WebContent/Images/startExam_top.jpg</file>
        </group>
    </open-files>
</project-private>
