<?xml version="1.0" encoding="UTF-8"?>
<project-private xmlns="http://www.netbeans.org/ns/project-private/1">
    <editor-bookmarks xmlns="http://www.netbeans.org/ns/editor-bookmarks/2" lastBookmarkId="0"/>
    <open-files xmlns="http://www.netbeans.org/ns/projectui-open-files/2">
        <group>
            <file>file:/E:/Develop/NetBeans/sscs/src/com/bluehonour/sscs/servlet/AdminServlet.java</file>
            <file>file:/E:/Develop/NetBeans/sscs/src/com/bluehonour/sscs/dao/impl/TeacherCourseDaoImpl.java</file>
            <file>file:/E:/Develop/NetBeans/sscs/src/com/bluehonour/sscs/servlet/PagingServlet.java</file>
            <file>file:/E:/Develop/NetBeans/sscs/src/com/bluehonour/sscs/servlet/LoginServlet.java</file>
            <file>file:/E:/Develop/NetBeans/sscs/src/com/bluehonour/sscs/dao/impl/StudentCourseTeacherDaoImpl.java</file>
            <file>file:/E:/Develop/NetBeans/sscs/WebContent/admin/queryAdmin.jsp</file>
            <file>file:/E:/Develop/NetBeans/sscs/WebContent/login.jsp</file>
            <file>file:/E:/Develop/NetBeans/sscs/src/com/bluehonour/sscs/service/impl/TeacherServiceImpl.java</file>
            <file>file:/E:/Develop/NetBeans/sscs/src/com/bluehonour/sscs/dao/TeacherCourseDao.java</file>
        </group>
    </open-files>
</project-private>
